title,preview
Robotic Toolkit Added to NASA's Mars 2020 Rover,"The bit carousel, which lies at the heart of the rover's Sample Caching System, is now aboard NASA's newest rover. "
NASA's New Mars Rover Will Use X-Rays to Hunt Fossils,"PIXL, an instrument on the end of the Perseverance rover's arm, will search for chemical fingerprints left by ancient microbes."
Global Storms on Mars Launch Dust Towers Into the Sky,"A Mars Dust Tower Stands Out Dust storms are common on Mars. But every decade or so, something unpredictable happens: a series of runaway storms break out, covering the entire planet in a dusty haze."
MAVEN Maps Electric Currents around Mars that are Fundamental to Atmospheric Loss,"Five years after NASA’s MAVEN spacecraft entered into orbit around Mars, data from the mission has led to the creation of a map of electric current systems in the Martian atmosphere."
NASA's Mars Helicopter Attached to Mars 2020 Rover ,The helicopter will be first aircraft to perform flight tests on another planet.
HiRISE Views NASA's InSight and Curiosity on Mars,New images taken from space offer the clearest orbital glimpse yet of InSight as well as a view of Curiosity rolling along.
A Martian Roundtrip: NASA's Perseverance Rover Sample Tubes,"Marvels of engineering, the rover's sample tubes must be tough enough to safely bring Red Planet samples on the long journey back to Earth in immaculate condition. "
The Man Who Wanted to Fly on Mars,"The Mars Helicopter is riding to the Red Planet this summer with NASA's Perseverance rover. The helicopter's chief engineer, Bob Balaram, shares the saga of how it came into being."
Naming a NASA Mars Rover Can Change Your Life,Want to name the robotic scientist NASA is sending to Mars in 2020? The student who named Curiosity — the rover currently exploring Mars — will tell you this is an opportunity worth taking.
NASA Invites Students to Name Mars 2020 Rover,"Through Nov. 1, K-12 students in the U.S. are encouraged to enter an essay contest to name NASA's next Mars rover."
NASA's Perseverance Rover Mission Getting in Shape for Launch,Stacking spacecraft components on top of each other is one of the final assembly steps before a mission launches to the Red Planet. 
"New Selfie Shows Curiosity, the Mars Chemist",The NASA rover performed a special chemistry experiment at the location captured in its newest self-portrait.
NASA's Perseverance Rover Bringing 3D-Printed Metal Parts to Mars,"For hobbyists and makers, 3D printing expands creative possibilities; for specialized engineers, it's also key to next-generation spacecraft design."
Air Deliveries Bring NASA's Perseverance Mars Rover Closer to Launch,A NASA Wallops Flight Facility cargo plane transported more than two tons of equipment — including the rover's sample collection tubes — to Florida for this summer's liftoff.
NASA's Treasure Map for Water Ice on Mars,"A new study identifies frozen water just below the Martian surface, where astronauts could easily dig it up."
